Nombre,Direccion
Pirque,"Virginia Subercaseux 447, Pirque, Región Metropolitana Mapa"
Conchalí,"Av. Cardenal Caro 1771, Conchalí, Región Metropolitana Mapa"
"Alcázar, Ciudad Satélite","Av. Alcalde Luis Infante Larraín 1320, Maipú, Región Metropolitana Mapa"
Almirante Riveros,"Av. Almirante Riveros 1202, San Bernardo, Región Metropolitana Mapa"
Apoquindo,"Av. Apoquindo 7200, Las Condes, Región Metropolitana Mapa"
Artesanos,"Manquehue Sur 329, Las Condes, Región Metropolitana Mapa"
Bandera,"Bandera 201, Santiago, Región Metropolitana Mapa"
Bilbao,"Av. Francisco Bilbao 2855, Providencia, Región Metropolitana Mapa"
Bustamante,"Av. Vicuña Mackenna 1048, Ñuñoa, Región Metropolitana Mapa"
Calera de Tango,"Av. Calera de Tango esq. Lonquen s/n, Calera de Tango, Región Metropolitana Mapa"
Cantagallo,"Av. Las Condes 12207, Las Condes, Región Metropolitana Mapa"
Catamarca,"Salvador Gutiérrez 5496, Quinta Normal, Región Metropolitana Mapa"
Ciudad Satélite,"Av. P. Central Poniente 1040, Maipú, Región Metropolitana Mapa"
Colina,"Caletera Oriente, Colina, Región Metropolitana Mapa"
Compañía,"Compañía 2305, Santiago, Región Metropolitana Mapa"
Consistorial,"Av. Consistorial 2100, Peñalolén, Región Metropolitana Mapa"
Curacaví,"Ambrosio O'Higgins 1689, Curacaví, Región Metropolitana Mapa"
Dorsal,"Av. Independencia 3160, Independencia, Región Metropolitana Mapa"
Down Town,"Av. Bernardo O'Higgins 1449, Santiago, Región Metropolitana Mapa"
El Alba,"Av. La Florida 10149, La Florida, Región Metropolitana Mapa"
El Bosque,"Gran Avenida 9863, El Bosque, Región Metropolitana Mapa"
"El Bosque, Maipú","Capellán Florencio Infante 3330, Maipú, Región Metropolitana Mapa"
El Gabino,"El Gabino 13551, Lo Barnechea, Región Metropolitana Mapa"
El Peñón,"Av. Camino San José de Maipo 07722 -  Local 1, Puente Alto, Región Metropolitana Mapa"
Estación Central,"Alameda 3390, Estación Central, Región Metropolitana Mapa"
Eucaliptus,"Eucaliptus 273, San Bernardo, Región Metropolitana Mapa"
Fleming,"Av. Padre Hurtado 1621, Las Condes, Región Metropolitana Mapa"
Franklin,"Santa Rosa 2055, Santiago, Región Metropolitana Mapa"
Grajales,"Almirante Latorre 310, Santiago, Región Metropolitana Mapa"
Grecia,"Av. Grecia 5791, Peñalolén, Región Metropolitana Mapa"
Huérfanos,"Huérfanos 1437, Santiago, Región Metropolitana Mapa"
Intermodal,"Av. Ossa 36, La Cisterna, Región Metropolitana Mapa"
"La Cisterna, Paradero 18","Av. José Miguel Carrera 6610, La Cisterna, Región Metropolitana Mapa"
La Farfana,"Av. El Rosal 3999, Pudahuel, Región Metropolitana Mapa"
"La Florida, Enrique Olivares","Av. La Florida 9385, La Florida, Región Metropolitana Mapa"
La Granja,"Santa Rosa 7668, La Granja, Región Metropolitana Mapa"
La Islita,"Av. Balmaceda 4316, Isla de Maipo, Región Metropolitana Mapa"
La Pintana,"Av. Santa Rosa 13015, La Pintana, Región Metropolitana Mapa"
La Travesía,"Isla Portezuelo 615, Pudahuel, Región Metropolitana Mapa"
Larraín,"Av. Larraín 6677, La Reina, Región Metropolitana Mapa"
Las Rejas,"Ecuador 5455, Lo Prado, Región Metropolitana Mapa"
Lo Campino,"Av. Las Torres 450, Quilicura, Región Metropolitana Mapa"
Lo Marcoleta,"Av. Lo Marcoleta 361, Quilicura, Región Metropolitana Mapa"
Los Dominicos,"Apoquindo 8450, Las Condes, Región Metropolitana Mapa"
Los Pensamientos,"Los Pensamientos 10260, La Granja, Región Metropolitana Mapa"
Maipú Centro,"Av. Pajaritos 1948, Maipú, Región Metropolitana Mapa"
Manso,"Av. Manso 533, Melipilla, Región Metropolitana Mapa"
Mapocho,"Av. Ismael Valdés Vergara 838, Santiago, Región Metropolitana Mapa"
Ochagavía,"Av. José Joaquín Prieto 5531, Pedro Aguirre Cerda, Región Metropolitana Mapa"
Padre Hurtado,"Camino Melipilla 2390, Padre Hurtado, Región Metropolitana Mapa"
Paine,"Av. General Baquedano 502, Paine, Región Metropolitana Mapa"
Pajarito Las Parcelas,"Av. Pajaritos 4909, Maipú, Región Metropolitana Mapa"
Pajarito Vespucio,"Av. Américo Vespucio Norte 51, Maipú, Región Metropolitana Mapa"
Patio La Reina,"Av. Larraín 8751, La Reina, Región Metropolitana Mapa"
Pedro Fontova,"Pedro Fontova 7789, Huechuraba, Región Metropolitana Mapa"
Peñaflor,"Av. Vicuña Mackenna 2005, Peñaflor, Región Metropolitana Mapa"
Plaza Don Carlos,"Av. Carlos Ossandón 1301, La Reina, Región Metropolitana Mapa"
Plazuela Independencia,"Av. Concha y Toro 1036, Puente Alto, Región Metropolitana Mapa"
Portugal,"Portugal 112, Santiago, Región Metropolitana Mapa"
Providencia,"Providencia 2178, Providencia, Región Metropolitana Mapa"
Recoleta,"Av. Recoleta 2746, Recoleta, Región Metropolitana Mapa"
Renca,"Av. Domingo Santa Maria 3962, Renca, Región Metropolitana Mapa"
San Diego,"San Diego 235, Santiago, Región Metropolitana Mapa"
San Pablo,"Av. San Pablo 4870, Quinta Normal, Región Metropolitana Mapa"
Talagante,"Av. Bernardo O'Higgins 200, Talagante, Región Metropolitana Mapa"
Tobalaba,"Av. Tobalaba 13949, Peñalolén, Región Metropolitana Mapa"
"Tres Poniente, Maipú","3 Poniente 2600, Maipú, Región Metropolitana Mapa"
Trinidad,"Av. Trinidad 125, La Florida, Región Metropolitana Mapa"
Valle Grande,"Av. General San Martin 47, Lampa, Región Metropolitana Mapa"
Vicuña Mackena,"Av. Vicuña Mackena 220, Melipilla, Región Metropolitana Mapa"
Vitacura,"Av. Vitacura 6255, Vitacura, Región Metropolitana Mapa"
Vivaceta,"Vivaceta 957, Independencia, Región Metropolitana Mapa"
Carlos Valdovinos,"Carlos Valdovinos 2020, Pedro Aguirre Cerda, Región Metropolitana Mapa"
