Nombre,Direccion,Comuna
Unimarc,"Dirección:  Arturo Prat 295, til-til.",til-til
Unimarc,"Dirección:  Av. Ambrosio O'higgins 1920, curacavi.",curacavi
Unimarc,"Dirección:  Av. Francia 640, lampa.",lampa
Unimarc,"Dirección:  Avenida Los Halcones 2180, lampa.",lampa
Unimarc,"Dirección:  Av. Francia 640, lampa.",lampa
Unimarc,"Dirección:  Avenida Los Halcones 2180, lampa.",lampa
Unimarc,"Dirección:  Ignacio Carrera Pinto 385713, ñuñoa.",ñuñoa
Unimarc,"Dirección:  Av. Irarrazaval 4354, ñuñoa.",ñuñoa
Unimarc,"Dirección:  General Jose Artigas 3250, ñuñoa.",ñuñoa
Unimarc,"Dirección:  Obispo Orrego 1250, ñuñoa.",ñuñoa
Unimarc,"Dirección:  Av. Grecia 320, ñuñoa.",ñuñoa
Unimarc,"Dirección:  Avenida Irarrazaval 1740, ñuñoa.",ñuñoa
Unimarc,"Dirección:  Avenida Viuña Mackenna 9090, la florida.",la florida
Unimarc,"Dirección:  Av. Vicuña Mackenna 6331, la florida.",la florida
Unimarc,"Dirección:  Vicuña Mackena 7802, la florida.",la florida
Unimarc,"Dirección:  Rojas Magallanes 3638, la florida.",la florida
Unimarc,"Dirección:  Camino Nos a Los Morros 565, san bernardo.",san bernardo
Unimarc,"Dirección:  Gonzalo Bulnes 2407, quinta normal.",quinta normal
Unimarc,"Dirección:  Gonzalo Bulnes 2407, quinta normal.",quinta normal
Unimarc,"Dirección:  Av. Apoquindo 4335, las condes.",las condes
Unimarc,"Dirección:  Av. Manquehue 1700, las condes.",las condes
Unimarc,"Dirección:  Manquehue 457, las condes.",las condes
Unimarc,"Dirección:  Avenida Jose Miguel Carrera 5485, san miguel.",san miguel
Unimarc,"Dirección:  Av. Portugal 56, santiago.",santiago
Unimarc,"Dirección:  Estado 85, santiago.",santiago
Unimarc,"Dirección:  Compañía 1214, santiago.",santiago
Unimarc,"Dirección:  Av. Santa Maria 6940, vitacura.",vitacura
Unimarc,"Dirección:  Av. Vitacura 4607, vitacura.",vitacura
Unimarc,"Dirección:  Principe de Gales 7271, la reina.",la reina
Unimarc,"Dirección:  Salomon Sack 351, independencia.",independencia
Unimarc,"Dirección:  Salomon Sack 351, independencia.",independencia
Unimarc,"Dirección:  Av. Manuel Montt 1097, providencia.",providencia
Unimarc,"Dirección:  Av. Francisco Bilbao 2050, providencia.",providencia
Unimarc,"Dirección:  Av. Consistorial 2701, peñalolen.",peñalolen
Unimarc,"Dirección:  Av. Dorsal 3100, conchali.",conchali
Unimarc,"Dirección:  Avenida El Canal 19591, pudahuel.",pudahuel
Unimarc,"Dirección:  Av. San Pablo 8315, pudahuel.",pudahuel
Unimarc,"Dirección:  Av. Las Condes 14791, lo barnechea.",lo barnechea
Unimarc,"Dirección:  Gran Avenida 6555, la cisterna.",la cisterna
Unimarc,"Dirección:  Av. Brasil 7085, renca.",renca
Unimarc,"Dirección:  Av. Pedro Fontova 7626, huechuraba.",huechuraba
Unimarc,"Dirección:  Avenida Alcalde Delano 10497, la dehesa.",la dehesa
Unimarc,"Dirección:  Santa Rosa 5320, san joaquín.",san joaquín
Unimarc,"Dirección:  O'hiigins Lote 12259, talagante.",talagante
